{"width":512,"imagePath":"crazyword_shouye_daotu_tex.png","height":256,"name":"crazyword_shouye_daotu","SubTexture":[{"frameHeight":48,"y":212,"frameX":-10,"width":33,"frameY":-7,"height":35,"name":"fly/fly01","frameWidth":50,"x":299},{"frameHeight":48,"y":212,"frameX":-8,"width":36,"frameY":-8,"height":33,"name":"fly/fly02","frameWidth":50,"x":261},{"frameHeight":42,"y":212,"frameX":-4,"width":27,"frameY":-5,"height":31,"name":"ce_stop/stop04","frameWidth":39,"x":408},{"frameHeight":42,"y":1,"frameX":-4,"width":26,"frameY":-5,"height":29,"name":"ce_stop/stop02","frameWidth":39,"x":325},{"frameHeight":42,"y":212,"frameX":-4,"width":27,"frameY":-5,"height":30,"name":"ce_stop/stop03","frameWidth":39,"x":437},{"frameHeight":42,"y":212,"frameX":-3,"width":28,"frameY":-5,"height":30,"name":"ce_stop/stop01","frameWidth":39,"x":378},{"frameHeight":42,"y":212,"frameX":-6,"width":41,"frameY":-3,"height":31,"name":"zheng/zheng_stop02","frameWidth":56,"x":175},{"frameHeight":42,"y":212,"frameX":-6,"width":41,"frameY":-4,"height":31,"name":"zheng/zheng_stop01","frameWidth":56,"x":132},{"width":322,"y":1,"height":209,"name":"yun1","x":1},{"frameHeight":75,"y":244,"frameX":-5,"width":41,"frameY":-41,"height":8,"name":"bird/b9","frameWidth":57,"x":218},{"frameHeight":75,"y":212,"frameX":-5,"width":42,"frameY":-41,"height":19,"name":"bird/b4","frameWidth":57,"x":466},{"frameHeight":75,"y":233,"frameX":-6,"width":41,"frameY":-33,"height":19,"name":"bird/b5","frameWidth":57,"x":466},{"frameHeight":75,"y":212,"frameX":-5,"width":42,"frameY":-9,"height":38,"name":"bird/b6","frameWidth":57,"x":45},{"frameHeight":75,"y":239,"frameX":-5,"width":42,"frameY":-42,"height":14,"name":"bird/b1","frameWidth":57,"x":334},{"frameHeight":75,"y":212,"frameX":-5,"width":42,"frameY":-7,"height":39,"name":"bird/b7","frameWidth":57,"x":1},{"frameHeight":75,"y":212,"frameX":-5,"width":42,"frameY":-41,"height":25,"name":"bird/b2","frameWidth":57,"x":334},{"frameHeight":75,"y":212,"frameX":-6,"width":41,"frameY":-15,"height":32,"name":"bird/b8","frameWidth":57,"x":89},{"frameHeight":75,"y":212,"frameX":-6,"width":41,"frameY":-41,"height":30,"name":"bird/b3","frameWidth":57,"x":218}]}