{"frameRate":60,"name":"crazyword_shouye_daotu","version":"5.5","compatibleVersion":"5.5","armature":[{"type":"Armature","frameRate":60,"name":"armatureName","aabb":{"x":-437.57,"y":-494.03,"width":886.43,"height":1073.36},"bone":[{"name":"root"},{"inheritScale":false,"name":"Layer3","parent":"root","transform":{"x":-221.643,"y":-455.8163}},{"inheritScale":false,"name":"ce","parent":"root","transform":{"x":-70.5,"y":329.3267}},{"inheritScale":false,"name":"ce_Copy5","parent":"root","transform":{"x":-251.5,"y":558.3267,"scX":0.7582,"scY":0.7582}},{"inheritScale":false,"name":"zheng","parent":"root","transform":{"x":195.5,"y":533.3267}},{"inheritScale":false,"name":"zheng_Copy6","parent":"root","transform":{"x":-308.3572,"y":349.3267,"scX":0.6429,"scY":0.6429}},{"inheritScale":false,"name":"Layer2","parent":"root","transform":{"x":287.8572,"y":-389.5334,"scX":0.334,"scY":0.334}},{"inheritScale":false,"name":"fly","parent":"root","transform":{"x":-292.5,"y":338.3267}},{"inheritScale":false,"name":"Layer3_Copy6","parent":"root","transform":{"x":-296.2144,"y":-307.5306}},{"inheritScale":false,"name":"Layer3_Copy4","parent":"root","transform":{"x":-285.9287,"y":-415.5306,"scX":0.7614,"scY":0.7614}},{"inheritScale":false,"name":"Layer3_Copy4_Copy5","parent":"root","transform":{"x":-224.2144,"y":-217.8163,"scX":0.7614,"scY":0.7614}},{"inheritScale":false,"name":"Layer3_Copy4_Copy5_Copy7","parent":"root","transform":{"x":-409.0716,"y":-327.8163,"scX":0.7614,"scY":0.7614}},{"inheritScale":false,"name":"Layer3_Copy4_Copy5_Copy7_Copy8","parent":"root","transform":{"x":-399.643,"y":-451.2449,"scX":0.7614,"scY":0.7614}}],"slot":[{"name":"fly","parent":"fly"},{"name":"ce","parent":"ce"},{"name":"ce_Copy5","parent":"ce_Copy5"},{"name":"zheng","parent":"zheng"},{"name":"zheng_Copy6","parent":"zheng_Copy6"},{"name":"Layer2","parent":"Layer2"},{"name":"Layer3","parent":"Layer3"},{"name":"Layer3_Copy6","parent":"Layer3_Copy6"},{"name":"Layer3_Copy4","parent":"Layer3_Copy4"},{"name":"Layer3_Copy4_Copy5","parent":"Layer3_Copy4_Copy5"},{"name":"Layer3_Copy4_Copy5_Copy7","parent":"Layer3_Copy4_Copy5_Copy7"},{"name":"Layer3_Copy4_Copy5_Copy7_Copy8","parent":"Layer3_Copy4_Copy5_Copy7_Copy8"}],"skin":[{"slot":[{"name":"Layer3","display":[{"name":"bird/b1"},{"name":"bird/b2"},{"name":"bird/b3"},{"name":"bird/b4"},{"name":"bird/b5"},{"name":"bird/b6"},{"name":"bird/b7"},{"name":"bird/b8"},{"name":"bird/b9"}]},{"name":"Layer3_Copy4","display":[{"name":"bird/b1"},{"name":"bird/b2"},{"name":"bird/b3"},{"name":"bird/b4"},{"name":"bird/b5"},{"name":"bird/b6"},{"name":"bird/b7"},{"name":"bird/b8"},{"name":"bird/b9"}]},{"name":"ce","display":[{"name":"ce_stop/stop01"},{"name":"ce_stop/stop02"},{"name":"ce_stop/stop03"},{"name":"ce_stop/stop04"}]},{"name":"Layer3_Copy4_Copy5_Copy7","display":[{"name":"bird/b1"},{"name":"bird/b2"},{"name":"bird/b3"},{"name":"bird/b4"},{"name":"bird/b5"},{"name":"bird/b6"},{"name":"bird/b7"},{"name":"bird/b8"},{"name":"bird/b9"}]},{"name":"zheng","display":[{"name":"zheng/zheng_stop01"},{"name":"zheng/zheng_stop02"}]},{"name":"Layer2","display":[{"name":"yun1"}]},{"name":"Layer3_Copy6","display":[{"name":"bird/b1"},{"name":"bird/b2"},{"name":"bird/b3"},{"name":"bird/b4"},{"name":"bird/b5"},{"name":"bird/b6"},{"name":"bird/b7"},{"name":"bird/b8"},{"name":"bird/b9"}]},{"name":"fly","display":[{"name":"fly/fly01"},{"name":"fly/fly02"}]},{"name":"Layer3_Copy4_Copy5","display":[{"name":"bird/b1"},{"name":"bird/b2"},{"name":"bird/b3"},{"name":"bird/b4"},{"name":"bird/b5"},{"name":"bird/b6"},{"name":"bird/b7"},{"name":"bird/b8"},{"name":"bird/b9"}]},{"name":"ce_Copy5","display":[{"name":"ce_stop/stop01"},{"name":"ce_stop/stop02"},{"name":"ce_stop/stop03"},{"name":"ce_stop/stop04"}]},{"name":"Layer3_Copy4_Copy5_Copy7_Copy8","display":[{"name":"bird/b1"},{"name":"bird/b2"},{"name":"bird/b3"},{"name":"bird/b4"},{"name":"bird/b5"},{"name":"bird/b6"},{"name":"bird/b7"},{"name":"bird/b8"},{"name":"bird/b9"}]},{"name":"zheng_Copy6","display":[{"name":"zheng/zheng_stop01"},{"name":"zheng/zheng_stop02"}]}]}],"animation":[{"duration":530,"playTimes":0,"name":"Animation1","bone":[{"name":"Layer3_Copy4_Copy5_Copy7_Copy8","translateFrame":[{"duration":70,"tweenEasing":0},{"duration":10,"tweenEasing":0},{"duration":10,"tweenEasing":0,"x":10,"y":-1},{"duration":10,"tweenEasing":0,"x":20,"y":-2},{"duration":10,"tweenEasing":0,"x":30,"y":-3},{"duration":10,"tweenEasing":0,"x":40,"y":-4},{"duration":10,"tweenEasing":0,"x":50,"y":-5},{"duration":10,"tweenEasing":0,"x":60,"y":-6},{"duration":10,"tweenEasing":0,"x":70,"y":-7},{"duration":10,"tweenEasing":0,"x":80,"y":-8},{"duration":10,"tweenEasing":0,"x":90,"y":-9},{"duration":10,"tweenEasing":0,"x":100,"y":-10},{"duration":10,"tweenEasing":0,"x":110,"y":-11},{"duration":10,"tweenEasing":0,"x":120,"y":-12},{"duration":10,"tweenEasing":0,"x":130,"y":-13},{"duration":10,"tweenEasing":0,"x":140,"y":-14},{"duration":10,"tweenEasing":0,"x":150,"y":-15},{"duration":10,"tweenEasing":0,"x":160,"y":-16},{"duration":10,"tweenEasing":0,"x":170,"y":-17},{"duration":10,"tweenEasing":0,"x":180,"y":-18},{"duration":10,"tweenEasing":0,"x":190,"y":-19},{"duration":10,"tweenEasing":0,"x":200,"y":-20},{"duration":10,"tweenEasing":0,"x":215,"y":-21},{"duration":10,"tweenEasing":0,"x":230,"y":-22},{"duration":10,"tweenEasing":0,"x":245,"y":-23},{"duration":10,"tweenEasing":0,"x":260,"y":-24},{"duration":10,"tweenEasing":0,"x":280,"y":-25},{"duration":10,"tweenEasing":0,"x":300,"y":-26},{"duration":10,"tweenEasing":0,"x":320,"y":-27},{"duration":10,"tweenEasing":0,"x":340,"y":-28},{"duration":10,"tweenEasing":0,"x":360,"y":-29},{"duration":10,"tweenEasing":0,"x":380,"y":-30},{"duration":10,"tweenEasing":0,"x":400,"y":-31},{"duration":10,"tweenEasing":0,"x":420,"y":-32},{"duration":10,"tweenEasing":0,"x":440,"y":-33},{"duration":10,"tweenEasing":0,"x":460,"y":-34},{"duration":10,"tweenEasing":0,"x":480,"y":-35},{"duration":10,"tweenEasing":0,"x":500,"y":-36},{"duration":10,"tweenEasing":0,"x":520,"y":-37},{"duration":10,"tweenEasing":0,"x":540,"y":-38},{"duration":10,"tweenEasing":0,"x":560,"y":-39},{"duration":10,"tweenEasing":0,"x":580,"y":-40},{"duration":10,"tweenEasing":0,"x":600,"y":-41},{"duration":10,"tweenEasing":0,"x":620,"y":-42},{"duration":10,"tweenEasing":0,"x":640,"y":-43},{"duration":10,"tweenEasing":0,"x":660,"y":-44},{"duration":10,"tweenEasing":0,"x":680,"y":-45},{"duration":0,"x":720,"y":-46}]},{"name":"Layer3_Copy4_Copy5_Copy7","translateFrame":[{"duration":32,"tweenEasing":0},{"duration":8,"tweenEasing":0},{"duration":10,"tweenEasing":0,"x":10,"y":-5},{"duration":10,"tweenEasing":0,"x":20,"y":-10},{"duration":10,"tweenEasing":0,"x":30,"y":-15},{"duration":10,"tweenEasing":0,"x":40,"y":-20},{"duration":10,"tweenEasing":0,"x":50,"y":-25},{"duration":10,"tweenEasing":0,"x":60,"y":-30},{"duration":10,"tweenEasing":0,"x":70,"y":-35},{"duration":10,"tweenEasing":0,"x":80,"y":-40},{"duration":10,"tweenEasing":0,"x":90,"y":-45},{"duration":10,"tweenEasing":0,"x":100,"y":-50},{"duration":10,"tweenEasing":0,"x":110,"y":-55},{"duration":10,"tweenEasing":0,"x":120,"y":-60},{"duration":10,"tweenEasing":0,"x":130,"y":-65},{"duration":10,"tweenEasing":0,"x":140,"y":-70},{"duration":10,"tweenEasing":0,"x":150,"y":-75},{"duration":10,"tweenEasing":0,"x":160,"y":-80},{"duration":10,"tweenEasing":0,"x":170,"y":-85},{"duration":10,"tweenEasing":0,"x":180,"y":-90},{"duration":10,"tweenEasing":0,"x":190,"y":-95},{"duration":10,"tweenEasing":0,"x":200,"y":-100},{"duration":10,"tweenEasing":0,"x":215,"y":-100},{"duration":10,"tweenEasing":0,"x":230,"y":-100},{"duration":10,"tweenEasing":0,"x":245,"y":-100},{"duration":10,"tweenEasing":0,"x":260,"y":-100},{"duration":10,"tweenEasing":0,"x":280,"y":-100},{"duration":10,"tweenEasing":0,"x":300,"y":-100},{"duration":10,"tweenEasing":0,"x":320,"y":-100},{"duration":10,"tweenEasing":0,"x":340,"y":-100},{"duration":10,"tweenEasing":0,"x":360,"y":-100},{"duration":10,"tweenEasing":0,"x":380,"y":-100},{"duration":10,"tweenEasing":0,"x":400,"y":-100},{"duration":10,"tweenEasing":0,"x":420,"y":-100},{"duration":10,"tweenEasing":0,"x":440,"y":-100},{"duration":10,"tweenEasing":0,"x":460,"y":-100},{"duration":10,"tweenEasing":0,"x":480,"y":-100},{"duration":10,"tweenEasing":0,"x":500,"y":-100},{"duration":10,"tweenEasing":0,"x":520,"y":-100},{"duration":10,"tweenEasing":0,"x":540,"y":-100},{"duration":10,"tweenEasing":0,"x":560,"y":-100},{"duration":10,"tweenEasing":0,"x":580,"y":-100},{"duration":10,"tweenEasing":0,"x":600,"y":-100},{"duration":10,"tweenEasing":0,"x":620,"y":-100},{"duration":10,"tweenEasing":0,"x":640,"y":-100},{"duration":10,"tweenEasing":0,"x":660,"y":-100},{"duration":10,"tweenEasing":0,"x":680,"y":-100},{"duration":40,"x":720,"y":-100}]},{"name":"Layer3_Copy4_Copy5","translateFrame":[{"duration":62,"tweenEasing":0},{"duration":8,"tweenEasing":0},{"duration":10,"tweenEasing":0,"x":10,"y":-5},{"duration":10,"tweenEasing":0,"x":20,"y":-10},{"duration":10,"tweenEasing":0,"x":30,"y":-10},{"duration":10,"tweenEasing":0,"x":40,"y":-10},{"duration":10,"tweenEasing":0,"x":50,"y":-10},{"duration":10,"tweenEasing":0,"x":60,"y":-10},{"duration":10,"tweenEasing":0,"x":70,"y":-10},{"duration":10,"tweenEasing":0,"x":80,"y":-10},{"duration":10,"tweenEasing":0,"x":90,"y":-10},{"duration":10,"tweenEasing":0,"x":100,"y":-10},{"duration":10,"tweenEasing":0,"x":110,"y":-10},{"duration":10,"tweenEasing":0,"x":120,"y":-5},{"duration":10,"tweenEasing":0,"x":130,"y":-5},{"duration":10,"tweenEasing":0,"x":140,"y":-5},{"duration":10,"tweenEasing":0,"x":150,"y":-10},{"duration":10,"tweenEasing":0,"x":160,"y":-15},{"duration":10,"tweenEasing":0,"x":170,"y":-20},{"duration":10,"tweenEasing":0,"x":180,"y":-25},{"duration":10,"tweenEasing":0,"x":190,"y":-30},{"duration":10,"tweenEasing":0,"x":200,"y":-35},{"duration":10,"tweenEasing":0,"x":215,"y":-40},{"duration":10,"tweenEasing":0,"x":230,"y":-45},{"duration":10,"tweenEasing":0,"x":245,"y":-50},{"duration":10,"tweenEasing":0,"x":260,"y":-55},{"duration":10,"tweenEasing":0,"x":280,"y":-55},{"duration":10,"tweenEasing":0,"x":300,"y":-55},{"duration":10,"tweenEasing":0,"x":320,"y":-55},{"duration":10,"tweenEasing":0,"x":340,"y":-55},{"duration":10,"tweenEasing":0,"x":360,"y":-55},{"duration":10,"tweenEasing":0,"x":380,"y":-55},{"duration":10,"tweenEasing":0,"x":400,"y":-55},{"duration":10,"tweenEasing":0,"x":420,"y":-55},{"duration":10,"tweenEasing":0,"x":440,"y":-55},{"duration":10,"tweenEasing":0,"x":460,"y":-55},{"duration":10,"tweenEasing":0,"x":480,"y":-55},{"duration":10,"tweenEasing":0,"x":500,"y":-55},{"duration":10,"tweenEasing":0,"x":520,"y":-55},{"duration":10,"tweenEasing":0,"x":540,"y":-55},{"duration":10,"tweenEasing":0,"x":560,"y":-55},{"duration":10,"tweenEasing":0,"x":580,"y":-55},{"duration":10,"tweenEasing":0,"x":600,"y":-55},{"duration":10,"tweenEasing":0,"x":620,"y":-55},{"duration":10,"tweenEasing":0,"x":640,"y":-55},{"duration":10,"tweenEasing":0,"x":660,"y":-55},{"duration":10,"tweenEasing":0,"x":680,"y":-55},{"duration":10,"x":720,"y":-55}]},{"name":"Layer3_Copy4","translateFrame":[{"duration":52,"tweenEasing":0},{"duration":8,"tweenEasing":0},{"duration":10,"tweenEasing":0,"x":10,"y":-5},{"duration":10,"tweenEasing":0,"x":20,"y":-10},{"duration":10,"tweenEasing":0,"x":30,"y":-15},{"duration":10,"tweenEasing":0,"x":40,"y":-20},{"duration":10,"tweenEasing":0,"x":50,"y":-25},{"duration":10,"tweenEasing":0,"x":60,"y":-30},{"duration":10,"tweenEasing":0,"x":70,"y":-35},{"duration":10,"tweenEasing":0,"x":80,"y":-40},{"duration":10,"tweenEasing":0,"x":90,"y":-45},{"duration":10,"tweenEasing":0,"x":100,"y":-50},{"duration":10,"tweenEasing":0,"x":110,"y":-60},{"duration":10,"tweenEasing":0,"x":120,"y":-66},{"duration":10,"tweenEasing":0,"x":130,"y":-74},{"duration":10,"tweenEasing":0,"x":140,"y":-80},{"duration":10,"tweenEasing":0,"x":150,"y":-90},{"duration":10,"tweenEasing":0,"x":160,"y":-100},{"duration":10,"tweenEasing":0,"x":170,"y":-110},{"duration":10,"tweenEasing":0,"x":180,"y":-120},{"duration":10,"tweenEasing":0,"x":190,"y":-130},{"duration":10,"tweenEasing":0,"x":200,"y":-140},{"duration":10,"tweenEasing":0,"x":215,"y":-140},{"duration":10,"tweenEasing":0,"x":230,"y":-140},{"duration":10,"tweenEasing":0,"x":245,"y":-140},{"duration":10,"tweenEasing":0,"x":260,"y":-140},{"duration":10,"tweenEasing":0,"x":280,"y":-140},{"duration":10,"tweenEasing":0,"x":300,"y":-140},{"duration":10,"tweenEasing":0,"x":320,"y":-135},{"duration":10,"tweenEasing":0,"x":340,"y":-130},{"duration":10,"tweenEasing":0,"x":360,"y":-125},{"duration":10,"tweenEasing":0,"x":380,"y":-120},{"duration":10,"tweenEasing":0,"x":400,"y":-115},{"duration":10,"tweenEasing":0,"x":420,"y":-110},{"duration":10,"tweenEasing":0,"x":440,"y":-100},{"duration":10,"tweenEasing":0,"x":460,"y":-100},{"duration":10,"tweenEasing":0,"x":480,"y":-100},{"duration":10,"tweenEasing":0,"x":500,"y":-100},{"duration":10,"tweenEasing":0,"x":520,"y":-100},{"duration":10,"tweenEasing":0,"x":540,"y":-100},{"duration":10,"tweenEasing":0,"x":560,"y":-100},{"duration":10,"tweenEasing":0,"x":580,"y":-100},{"duration":10,"tweenEasing":0,"x":600,"y":-100},{"duration":10,"tweenEasing":0,"x":620,"y":-100},{"duration":10,"tweenEasing":0,"x":640,"y":-100},{"duration":10,"tweenEasing":0,"x":660,"y":-100},{"duration":10,"tweenEasing":0,"x":680,"y":-100},{"duration":20,"x":720,"y":-100}]},{"name":"Layer3_Copy6","translateFrame":[{"duration":22,"tweenEasing":0},{"duration":8,"tweenEasing":0},{"duration":10,"tweenEasing":0,"x":10,"y":-5},{"duration":10,"tweenEasing":0,"x":20,"y":-15},{"duration":10,"tweenEasing":0,"x":30,"y":-20},{"duration":10,"tweenEasing":0,"x":40,"y":-25},{"duration":10,"tweenEasing":0,"x":50,"y":-30},{"duration":10,"tweenEasing":0,"x":60,"y":-35},{"duration":10,"tweenEasing":0,"x":70,"y":-40},{"duration":10,"tweenEasing":0,"x":80,"y":-45},{"duration":10,"tweenEasing":0,"x":90,"y":-50},{"duration":10,"tweenEasing":0,"x":100,"y":-55},{"duration":10,"tweenEasing":0,"x":110,"y":-55},{"duration":10,"tweenEasing":0,"x":120,"y":-55},{"duration":10,"tweenEasing":0,"x":130,"y":-55},{"duration":10,"tweenEasing":0,"x":140,"y":-55},{"duration":10,"tweenEasing":0,"x":150,"y":-55},{"duration":10,"tweenEasing":0,"x":160,"y":-55},{"duration":10,"tweenEasing":0,"x":170,"y":-55},{"duration":10,"tweenEasing":0,"x":180,"y":-55},{"duration":10,"tweenEasing":0,"x":190,"y":-55},{"duration":10,"tweenEasing":0,"x":200,"y":-55},{"duration":10,"tweenEasing":0,"x":215,"y":-55},{"duration":10,"tweenEasing":0,"x":230,"y":-55},{"duration":10,"tweenEasing":0,"x":245,"y":-55},{"duration":10,"tweenEasing":0,"x":260,"y":-55},{"duration":10,"tweenEasing":0,"x":280,"y":-55},{"duration":10,"tweenEasing":0,"x":300,"y":-55},{"duration":10,"tweenEasing":0,"x":320,"y":-55},{"duration":10,"tweenEasing":0,"x":340,"y":-55},{"duration":10,"tweenEasing":0,"x":360,"y":-55},{"duration":10,"tweenEasing":0,"x":380,"y":-55},{"duration":10,"tweenEasing":0,"x":400,"y":-55},{"duration":10,"tweenEasing":0,"x":420,"y":-55},{"duration":10,"tweenEasing":0,"x":440,"y":-55},{"duration":10,"tweenEasing":0,"x":460,"y":-55},{"duration":10,"tweenEasing":0,"x":480,"y":-55},{"duration":10,"tweenEasing":0,"x":500,"y":-55},{"duration":10,"tweenEasing":0,"x":520,"y":-55},{"duration":10,"tweenEasing":0,"x":540,"y":-55},{"duration":10,"tweenEasing":0,"x":560,"y":-55},{"duration":10,"tweenEasing":0,"x":580,"y":-55},{"duration":10,"tweenEasing":0,"x":600,"y":-55},{"duration":10,"tweenEasing":0,"x":620,"y":-55},{"duration":10,"tweenEasing":0,"x":640,"y":-55},{"duration":10,"tweenEasing":0,"x":660,"y":-55},{"duration":10,"tweenEasing":0,"x":680,"y":-100},{"duration":50,"x":720,"y":-100}]},{"name":"Layer3","translateFrame":[{"duration":2,"tweenEasing":0},{"duration":8,"tweenEasing":0},{"duration":10,"tweenEasing":0,"x":10,"y":-1},{"duration":10,"tweenEasing":0,"x":20,"y":-2},{"duration":10,"tweenEasing":0,"x":30,"y":-3},{"duration":10,"tweenEasing":0,"x":40,"y":-4},{"duration":10,"tweenEasing":0,"x":50,"y":-5},{"duration":10,"tweenEasing":0,"x":60,"y":-6},{"duration":10,"tweenEasing":0,"x":70,"y":-7},{"duration":10,"tweenEasing":0,"x":80,"y":-8},{"duration":10,"tweenEasing":0,"x":90,"y":-9},{"duration":10,"tweenEasing":0,"x":100,"y":-10},{"duration":10,"tweenEasing":0,"x":110,"y":-11},{"duration":10,"tweenEasing":0,"x":120,"y":-12},{"duration":10,"tweenEasing":0,"x":130,"y":-13},{"duration":10,"tweenEasing":0,"x":140,"y":-14},{"duration":10,"tweenEasing":0,"x":150,"y":-15},{"duration":10,"tweenEasing":0,"x":160,"y":-16},{"duration":10,"tweenEasing":0,"x":170,"y":-17},{"duration":10,"tweenEasing":0,"x":180,"y":-18},{"duration":10,"tweenEasing":0,"x":190,"y":-19},{"duration":10,"tweenEasing":0,"x":200,"y":-20},{"duration":10,"tweenEasing":0,"x":215,"y":-21},{"duration":10,"tweenEasing":0,"x":230,"y":-22},{"duration":10,"tweenEasing":0,"x":245,"y":-23},{"duration":10,"tweenEasing":0,"x":260,"y":-24},{"duration":10,"tweenEasing":0,"x":280,"y":-25},{"duration":10,"tweenEasing":0,"x":300,"y":-26},{"duration":10,"tweenEasing":0,"x":320,"y":-27},{"duration":10,"tweenEasing":0,"x":340,"y":-28},{"duration":10,"tweenEasing":0,"x":360,"y":-29},{"duration":10,"tweenEasing":0,"x":380,"y":-30},{"duration":10,"tweenEasing":0,"x":400,"y":-31},{"duration":10,"tweenEasing":0,"x":420,"y":-32},{"duration":10,"tweenEasing":0,"x":440,"y":-33},{"duration":10,"tweenEasing":0,"x":460,"y":-34},{"duration":10,"tweenEasing":0,"x":480,"y":-35},{"duration":10,"tweenEasing":0,"x":500,"y":-36},{"duration":10,"tweenEasing":0,"x":520,"y":-37},{"duration":10,"tweenEasing":0,"x":540,"y":-38},{"duration":10,"tweenEasing":0,"x":560,"y":-39},{"duration":10,"tweenEasing":0,"x":580,"y":-40},{"duration":10,"tweenEasing":0,"x":600,"y":-41},{"duration":10,"tweenEasing":0,"x":620,"y":-42},{"duration":10,"tweenEasing":0,"x":640,"y":-43},{"duration":10,"tweenEasing":0,"x":660,"y":-44},{"duration":10,"tweenEasing":0,"x":680,"y":-45},{"duration":70,"x":720,"y":-46}]},{"name":"Layer2","translateFrame":[{"duration":180,"tweenEasing":0,"x":-414,"y":9.14},{"duration":200,"tweenEasing":0,"x":-282,"y":-48.86},{"duration":150,"x":-127.14,"y":4.86}],"scaleFrame":[{"duration":530,"x":2.34,"y":2.34}]},{"name":"fly","translateFrame":[{"duration":30,"tweenEasing":0,"x":-39,"y":81},{"duration":50,"tweenEasing":0,"x":31,"y":-32},{"duration":20,"tweenEasing":0,"x":196,"y":-40},{"duration":10,"tweenEasing":0,"x":188,"y":-10},{"duration":70,"tweenEasing":0,"x":190,"y":-15},{"duration":30,"tweenEasing":0,"x":190,"y":-15},{"duration":50,"tweenEasing":0,"x":301,"y":-55},{"duration":40,"tweenEasing":0,"x":339,"y":6},{"duration":60,"tweenEasing":0,"x":383,"y":44},{"duration":170,"x":540.14,"y":26.86}],"rotateFrame":[{"duration":30,"tweenEasing":0,"rotate":9},{"duration":50,"tweenEasing":0,"rotate":46},{"duration":20,"tweenEasing":0,"rotate":98},{"duration":10,"tweenEasing":0,"rotate":80},{"duration":70,"tweenEasing":0,"rotate":60},{"duration":30,"tweenEasing":0,"rotate":60},{"duration":50,"tweenEasing":0,"rotate":102},{"duration":40,"tweenEasing":0,"rotate":137},{"duration":230,"rotate":60}],"scaleFrame":[{"duration":300,"tweenEasing":0},{"duration":60,"tweenEasing":0},{"duration":170,"x":0.54,"y":-0.55}]}],"slot":[{"name":"Layer3_Copy4_Copy5_Copy7_Copy8","displayFrame":[{"duration":80},{"duration":10,"value":1},{"duration":10,"value":2},{"duration":10,"value":3},{"duration":10,"value":4},{"duration":10,"value":5},{"duration":10,"value":6},{"duration":10,"value":7},{"duration":10,"value":8},{"duration":10},{"duration":10,"value":1},{"duration":10,"value":2},{"duration":10,"value":3},{"duration":10,"value":4},{"duration":10,"value":5},{"duration":10,"value":6},{"duration":10,"value":7},{"duration":10,"value":8},{"duration":10},{"duration":10,"value":1},{"duration":10,"value":2},{"duration":10,"value":3},{"duration":10,"value":4},{"duration":10,"value":5},{"duration":10,"value":6},{"duration":10,"value":7},{"duration":10,"value":8},{"duration":10},{"duration":10,"value":1},{"duration":10,"value":2},{"duration":10,"value":3},{"duration":10,"value":4},{"duration":10,"value":5},{"duration":10,"value":6},{"duration":10,"value":7},{"duration":10,"value":8},{"duration":10},{"duration":10,"value":1},{"duration":10,"value":2},{"duration":10,"value":3},{"duration":10,"value":4},{"duration":10,"value":5},{"duration":10,"value":6},{"duration":10,"value":7},{"duration":10,"value":8},{"duration":10}],"colorFrame":[{"duration":70,"tweenEasing":0,"value":{"aM":0}},{"duration":10,"tweenEasing":0,"value":{"aM":0}},{"duration":10,"tweenEasing":0,"value":{"aM":47}},{"duration":410,"tweenEasing":0,"value":{"aM":60}},{"duration":10,"tweenEasing":0,"value":{"aM":60}},{"duration":10,"tweenEasing":0,"value":{"aM":39}},{"duration":10,"tweenEasing":0,"value":{"aM":19}},{"duration":0,"value":{"aM":0}}]},{"name":"Layer3_Copy4_Copy5_Copy7","displayFrame":[{"duration":40},{"duration":10,"value":1},{"duration":10,"value":2},{"duration":10,"value":3},{"duration":10,"value":4},{"duration":10,"value":5},{"duration":10,"value":6},{"duration":10,"value":7},{"duration":10,"value":8},{"duration":10},{"duration":10,"value":1},{"duration":10,"value":2},{"duration":10,"value":3},{"duration":10,"value":4},{"duration":10,"value":5},{"duration":10,"value":6},{"duration":10,"value":7},{"duration":10,"value":8},{"duration":10},{"duration":10,"value":1},{"duration":10,"value":2},{"duration":10,"value":3},{"duration":10,"value":4},{"duration":10,"value":5},{"duration":10,"value":6},{"duration":10,"value":7},{"duration":10,"value":8},{"duration":10},{"duration":10,"value":1},{"duration":10,"value":2},{"duration":10,"value":3},{"duration":10,"value":4},{"duration":10,"value":5},{"duration":10,"value":6},{"duration":10,"value":7},{"duration":10,"value":8},{"duration":10},{"duration":10,"value":1},{"duration":10,"value":2},{"duration":10,"value":3},{"duration":10,"value":4},{"duration":10,"value":5},{"duration":10,"value":6},{"duration":10,"value":7},{"duration":10,"value":8},{"duration":50}],"colorFrame":[{"duration":32,"tweenEasing":0,"value":{"aM":0}},{"duration":8,"tweenEasing":0,"value":{"aM":0}},{"duration":10,"tweenEasing":0,"value":{"aM":19}},{"duration":10,"tweenEasing":0,"value":{"aM":39}},{"duration":400,"tweenEasing":0,"value":{"aM":60}},{"duration":10,"tweenEasing":0,"value":{"aM":60}},{"duration":10,"tweenEasing":0,"value":{"aM":39}},{"duration":10,"tweenEasing":0,"value":{"aM":21}},{"duration":40,"value":{"aM":0}}]},{"name":"Layer3_Copy4_Copy5","displayFrame":[{"duration":70},{"duration":10,"value":1},{"duration":10,"value":2},{"duration":10,"value":3},{"duration":10,"value":4},{"duration":10,"value":5},{"duration":10,"value":6},{"duration":10,"value":7},{"duration":10,"value":8},{"duration":10},{"duration":10,"value":1},{"duration":10,"value":2},{"duration":10,"value":3},{"duration":10,"value":4},{"duration":10,"value":5},{"duration":10,"value":6},{"duration":10,"value":7},{"duration":10,"value":8},{"duration":10},{"duration":10,"value":1},{"duration":10,"value":2},{"duration":10,"value":3},{"duration":10,"value":4},{"duration":10,"value":5},{"duration":10,"value":6},{"duration":10,"value":7},{"duration":10,"value":8},{"duration":10},{"duration":10,"value":1},{"duration":10,"value":2},{"duration":10,"value":3},{"duration":10,"value":4},{"duration":10,"value":5},{"duration":10,"value":6},{"duration":10,"value":7},{"duration":10,"value":8},{"duration":10},{"duration":10,"value":1},{"duration":10,"value":2},{"duration":10,"value":3},{"duration":10,"value":4},{"duration":10,"value":5},{"duration":10,"value":6},{"duration":10,"value":7},{"duration":10,"value":8},{"duration":20}],"colorFrame":[{"duration":62,"tweenEasing":0,"value":{"aM":0}},{"duration":8,"tweenEasing":0,"value":{"aM":0}},{"duration":10,"tweenEasing":0,"value":{"aM":19}},{"duration":10,"tweenEasing":0,"value":{"aM":39}},{"duration":10,"tweenEasing":0,"value":{"aM":60}},{"duration":430,"value":{"aM":78}}]},{"name":"Layer3_Copy4","displayFrame":[{"duration":60},{"duration":10,"value":1},{"duration":10,"value":2},{"duration":10,"value":3},{"duration":10,"value":4},{"duration":10,"value":5},{"duration":10,"value":6},{"duration":10,"value":7},{"duration":10,"value":8},{"duration":10},{"duration":10,"value":1},{"duration":10,"value":2},{"duration":10,"value":3},{"duration":10,"value":4},{"duration":10,"value":5},{"duration":10,"value":6},{"duration":10,"value":7},{"duration":10,"value":8},{"duration":10},{"duration":10,"value":1},{"duration":10,"value":2},{"duration":10,"value":3},{"duration":10,"value":4},{"duration":10,"value":5},{"duration":10,"value":6},{"duration":10,"value":7},{"duration":10,"value":8},{"duration":10},{"duration":10,"value":1},{"duration":10,"value":2},{"duration":10,"value":3},{"duration":10,"value":4},{"duration":10,"value":5},{"duration":10,"value":6},{"duration":10,"value":7},{"duration":10,"value":8},{"duration":10},{"duration":10,"value":1},{"duration":10,"value":2},{"duration":10,"value":3},{"duration":10,"value":4},{"duration":10,"value":5},{"duration":10,"value":6},{"duration":10,"value":7},{"duration":10,"value":8},{"duration":30}],"colorFrame":[{"duration":52,"tweenEasing":0,"value":{"aM":0}},{"duration":8,"tweenEasing":0,"value":{"aM":0}},{"duration":10,"tweenEasing":0,"value":{"aM":21}},{"duration":460,"value":{"aM":39}}]},{"name":"Layer3_Copy6","displayFrame":[{"duration":30},{"duration":10,"value":1},{"duration":10,"value":2},{"duration":10,"value":3},{"duration":10,"value":4},{"duration":10,"value":5},{"duration":10,"value":6},{"duration":10,"value":7},{"duration":10,"value":8},{"duration":10},{"duration":10,"value":1},{"duration":10,"value":2},{"duration":10,"value":3},{"duration":10,"value":4},{"duration":10,"value":5},{"duration":10,"value":6},{"duration":10,"value":7},{"duration":10,"value":8},{"duration":10},{"duration":10,"value":1},{"duration":10,"value":2},{"duration":10,"value":3},{"duration":10,"value":4},{"duration":10,"value":5},{"duration":10,"value":6},{"duration":10,"value":7},{"duration":10,"value":8},{"duration":10},{"duration":10,"value":1},{"duration":10,"value":2},{"duration":10,"value":3},{"duration":10,"value":4},{"duration":10,"value":5},{"duration":10,"value":6},{"duration":10,"value":7},{"duration":10,"value":8},{"duration":10},{"duration":10,"value":1},{"duration":10,"value":2},{"duration":10,"value":3},{"duration":10,"value":4},{"duration":10,"value":5},{"duration":10,"value":6},{"duration":10,"value":7},{"duration":10,"value":8},{"duration":60}],"colorFrame":[{"duration":22,"tweenEasing":0,"value":{"aM":0}},{"duration":8,"tweenEasing":0,"value":{"aM":0}},{"duration":10,"tweenEasing":0,"value":{"aM":21}},{"duration":10,"tweenEasing":0,"value":{"aM":39}},{"duration":10,"tweenEasing":0,"value":{"aM":57}},{"duration":290,"tweenEasing":0,"value":{"aM":39}},{"duration":10,"tweenEasing":0,"value":{"aM":39}},{"duration":170,"value":{"aM":60}}]},{"name":"Layer3","displayFrame":[{"duration":10},{"duration":10,"value":1},{"duration":10,"value":2},{"duration":10,"value":3},{"duration":10,"value":4},{"duration":10,"value":5},{"duration":10,"value":6},{"duration":10,"value":7},{"duration":10,"value":8},{"duration":10},{"duration":10,"value":1},{"duration":10,"value":2},{"duration":10,"value":3},{"duration":10,"value":4},{"duration":10,"value":5},{"duration":10,"value":6},{"duration":10,"value":7},{"duration":10,"value":8},{"duration":10},{"duration":10,"value":1},{"duration":10,"value":2},{"duration":10,"value":3},{"duration":10,"value":4},{"duration":10,"value":5},{"duration":10,"value":6},{"duration":10,"value":7},{"duration":10,"value":8},{"duration":10},{"duration":10,"value":1},{"duration":10,"value":2},{"duration":10,"value":3},{"duration":10,"value":4},{"duration":10,"value":5},{"duration":10,"value":6},{"duration":10,"value":7},{"duration":10,"value":8},{"duration":10},{"duration":10,"value":1},{"duration":10,"value":2},{"duration":10,"value":3},{"duration":10,"value":4},{"duration":10,"value":5},{"duration":10,"value":6},{"duration":10,"value":7},{"duration":10,"value":8},{"duration":80}],"colorFrame":[{"duration":2,"tweenEasing":0,"value":{"aM":0}},{"duration":8,"tweenEasing":0,"value":{"aM":0}},{"duration":10,"tweenEasing":0,"value":{"aM":19}},{"duration":10,"tweenEasing":0,"value":{"aM":39}},{"duration":10,"tweenEasing":0,"value":{"aM":60}},{"duration":490,"value":{"aM":78}}]},{"name":"Layer2","colorFrame":[{"duration":180,"tweenEasing":0,"value":{"aM":23}},{"duration":200,"tweenEasing":0,"value":{"aM":23}},{"duration":150,"value":{"aM":0}}]},{"name":"zheng_Copy6","displayFrame":[{"duration":10},{"duration":10,"value":1},{"duration":10},{"duration":10,"value":1},{"duration":10},{"duration":10,"value":1},{"duration":100},{"duration":10,"value":1},{"duration":10},{"duration":10,"value":1},{"duration":10},{"duration":70,"value":1},{"duration":10},{"duration":10,"value":1},{"duration":10},{"duration":230,"value":1}]},{"name":"zheng","displayFrame":[{"duration":10},{"duration":10,"value":1},{"duration":10},{"duration":10,"value":1},{"duration":10},{"duration":10,"value":1},{"duration":180},{"duration":10,"value":1},{"duration":10},{"duration":10,"value":1},{"duration":10},{"duration":70,"value":1},{"duration":10},{"duration":10,"value":1},{"duration":10},{"duration":150,"value":1}]},{"name":"ce_Copy5","displayFrame":[{"duration":10},{"duration":10,"value":1},{"duration":10,"value":2},{"duration":10,"value":3},{"duration":10},{"duration":10,"value":1},{"duration":10,"value":2},{"duration":10,"value":3},{"duration":56},{"duration":10,"value":1},{"duration":10,"value":2},{"duration":60,"value":3},{"duration":10},{"duration":10,"value":1},{"duration":58,"value":2},{"duration":10,"value":3},{"duration":10},{"duration":10,"value":1},{"duration":10,"value":2},{"duration":10,"value":3},{"duration":10},{"duration":10,"value":1},{"duration":10,"value":2},{"duration":156,"value":3}]},{"name":"ce","displayFrame":[{"duration":10},{"duration":10,"value":1},{"duration":10,"value":2},{"duration":10,"value":3},{"duration":10},{"duration":10,"value":1},{"duration":10,"value":2},{"duration":10,"value":3},{"duration":20},{"duration":10,"value":1},{"duration":10,"value":2},{"duration":60,"value":3},{"duration":10},{"duration":10,"value":1},{"duration":20,"value":2},{"duration":10,"value":3},{"duration":10},{"duration":10,"value":1},{"duration":10,"value":2},{"duration":10,"value":3},{"duration":10},{"duration":10,"value":1},{"duration":10,"value":2},{"duration":230,"value":3}]},{"name":"fly","displayFrame":[{"duration":30},{"duration":50,"value":1},{"duration":20},{"duration":10,"value":1},{"duration":10},{"duration":10,"value":1},{"duration":10},{"duration":70,"value":1},{"duration":50},{"duration":40,"value":1},{"duration":230}],"colorFrame":[{"duration":360,"tweenEasing":0},{"duration":20,"tweenEasing":0},{"duration":150,"value":{"aM":0}}]}]}],"defaultActions":[{"gotoAndPlay":"Animation1"}]}]}