{"width":1024,"SubTexture":[{"width":84,"y":386,"height":77,"name":"hlight_yellow","x":745},{"y":233,"frameX":-71,"frameY":-56,"width":177,"frameWidth":300,"height":177,"name":"炸弹/zo10007","frameHeight":300,"x":398},{"y":1,"frameX":-44,"frameY":-30,"width":230,"frameWidth":300,"height":230,"name":"炸弹/zo10010","frameHeight":300,"x":1},{"y":401,"frameX":-131,"frameY":-111,"width":53,"frameWidth":300,"height":53,"name":"炸弹/zo10001","frameHeight":300,"x":658},{"y":401,"frameX":-120,"frameY":-99,"width":79,"frameWidth":300,"height":79,"name":"炸弹/zo10002","frameHeight":300,"x":577},{"y":1,"frameX":-89,"frameY":-69,"width":140,"frameWidth":300,"height":140,"name":"炸弹/zo10004","frameHeight":300,"x":233},{"y":1,"frameX":-91,"frameY":-71,"width":136,"frameWidth":300,"height":136,"name":"炸弹/zo10003","frameHeight":300,"x":375},{"y":233,"frameX":-83,"frameY":-63,"width":152,"frameWidth":300,"height":151,"name":"炸弹/zo10005","frameHeight":300,"x":745},{"y":233,"frameX":-63,"frameY":-53,"width":187,"frameWidth":300,"height":183,"name":"炸弹/zo10008","frameHeight":300,"x":209},{"y":233,"frameX":-76,"frameY":-56,"width":166,"frameWidth":300,"height":166,"name":"炸弹/zo10006","frameHeight":300,"x":577},{"y":233,"frameX":-56,"frameY":-42,"width":206,"frameWidth":300,"height":206,"name":"炸弹/zo10009","frameHeight":300,"x":1}],"imagePath":"eluosi_fx_zhadan_tex.png","name":"eluosi_fx_zhadan","height":512}