{"width":2048,"SubTexture":[{"y":283,"frameX":-109,"frameY":-120,"width":257,"frameWidth":470,"height":273,"name":"烟花/06","frameHeight":528,"x":1750},{"y":1,"frameX":-5,"frameY":-37,"width":441,"frameWidth":470,"height":392,"name":"烟花/16","frameHeight":528,"x":455},{"y":1,"frameX":-106,"frameY":-113,"width":266,"frameWidth":470,"height":280,"name":"烟花/07","frameHeight":528,"x":1744},{"y":1,"frameX":0,"frameY":-31,"width":452,"frameWidth":470,"height":405,"name":"烟花/17","frameHeight":528,"x":1},{"y":1,"frameX":-22,"frameY":-49,"width":412,"frameWidth":470,"height":368,"name":"烟花/14","frameHeight":528,"x":1330},{"y":408,"frameX":-88,"frameY":-100,"width":298,"frameWidth":470,"height":416,"name":"烟花/08","frameHeight":528,"x":1},{"y":1,"frameX":-10,"frameY":-43,"width":430,"frameWidth":470,"height":380,"name":"烟花/15","frameHeight":528,"x":898},{"y":383,"frameX":-78,"frameY":-92,"width":315,"frameWidth":470,"height":424,"name":"烟花/09","frameHeight":528,"x":898},{"y":724,"frameX":-10,"frameY":-84,"width":390,"frameWidth":470,"height":309,"name":"烟花/10","frameHeight":528,"x":301},{"y":518,"frameX":-209,"frameY":-188,"width":91,"frameWidth":470,"height":86,"name":"烟花/01","frameHeight":528,"x":301},{"y":729,"frameX":-56,"frameY":-75,"width":346,"frameWidth":470,"height":332,"name":"烟花/11","frameHeight":528,"x":1215},{"y":408,"frameX":-192,"frameY":-176,"width":120,"frameWidth":470,"height":108,"name":"烟花/02","frameHeight":528,"x":301},{"y":395,"frameX":-10,"frameY":-69,"width":405,"frameWidth":470,"height":327,"name":"烟花/12","frameHeight":528,"x":455},{"y":371,"frameX":-10,"frameY":-55,"width":418,"frameWidth":470,"height":356,"name":"烟花/13","frameHeight":528,"x":1330},{"y":744,"frameX":-132,"frameY":-151,"width":204,"frameWidth":470,"height":159,"name":"烟花/03","frameHeight":528,"x":1563},{"y":558,"frameX":-132,"frameY":-139,"width":216,"frameWidth":470,"height":184,"name":"烟花/04","frameHeight":528,"x":1750},{"y":826,"frameX":-109,"frameY":-129,"width":248,"frameWidth":470,"height":387,"name":"烟花/05","frameHeight":528,"x":1}],"imagePath":"eluosi_fx_yanhua_tex.png","name":"eluosi_fx_yanhua","height":2048}