{"frameRate":60,"name":"eluosi_fx_zhadan","version":"5.5","compatibleVersion":"5.5","armature":[{"type":"Armature","frameRate":60,"name":"armatureName","aabb":{"x":-162.99,"y":-140.68,"width":300,"height":300},"bone":[{"name":"root"},{"inheritScale":false,"name":"Layer1","parent":"root"},{"inheritScale":false,"name":"Layer1_Copy2","parent":"root"},{"inheritScale":false,"name":"Layer5_Copy10","parent":"root","transform":{"x":-3,"y":-3.6734}}],"slot":[{"name":"Layer1","parent":"Layer1"},{"name":"Layer1_Copy2","parent":"Layer1_Copy2"},{"name":"Layer5_Copy10","parent":"Layer5_Copy10"}],"skin":[{"slot":[{"name":"Layer1","display":[{"name":"hlight_yellow"}]},{"name":"Layer5_Copy10","display":[{"name":"炸弹/zo10001","transform":{"x":-9.99,"y":12.99}},{"name":"炸弹/zo10002","transform":{"x":-9.99,"y":12}},{"name":"炸弹/zo10003","transform":{"x":-9.99,"y":12.99}},{"name":"炸弹/zo10004","transform":{"x":-3.99,"y":12.99}},{"name":"炸弹/zo10005","transform":{"x":-8.01,"y":12}},{"name":"炸弹/zo10006","transform":{"x":-6.99,"y":15}},{"name":"炸弹/zo10007","transform":{"x":-8.01,"y":9.99}},{"name":"炸弹/zo10008","transform":{"x":-8.01,"y":11.01}},{"name":"炸弹/zo10009","transform":{"x":-12.99,"y":6.99}},{"name":"炸弹/zo10010","transform":{"x":-6,"y":9}}]},{"name":"Layer1_Copy2","display":[{"name":"hlight_yellow"}]}]}],"animation":[{"duration":48,"playTimes":0,"name":"Animation1","bone":[{"name":"Layer1_Copy2","scaleFrame":[{"duration":4,"tweenEasing":0},{"duration":8,"tweenEasing":0},{"duration":36,"x":2,"y":2}]}],"slot":[{"name":"Layer5_Copy10","displayFrame":[{"duration":8,"value":-1},{"duration":4},{"duration":4,"value":1},{"duration":4,"value":2},{"duration":4,"value":3},{"duration":4,"value":4},{"duration":4,"value":5},{"duration":4,"value":6},{"duration":4,"value":7},{"duration":4,"value":8},{"duration":4,"value":9},{"duration":0,"value":-1}]},{"name":"Layer1_Copy2","displayFrame":[{"duration":4,"value":-1},{"duration":44}],"colorFrame":[{"duration":4,"tweenEasing":0},{"duration":8,"tweenEasing":0},{"duration":36,"value":{"aM":0}}]},{"name":"Layer1","colorFrame":[{"duration":12,"tweenEasing":0},{"duration":18,"tweenEasing":0},{"duration":18,"value":{"aM":0}}]}]}],"defaultActions":[{"gotoAndPlay":"Animation1"}]}]}