{"frameRate":60,"name":"eluosi_fx_yanhua","version":"5.5","compatibleVersion":"5.5","armature":[{"type":"Armature","frameRate":60,"name":"armatureName","aabb":{"x":-264,"y":-209.01,"width":470,"height":528},"bone":[{"inheritScale":false,"name":"Layer3_Copy4_Copy5_Copy12","transform":{"x":-28.9999,"y":54.9933,"scX":1.2547,"scY":1.4074}}],"slot":[{"name":"Layer3_Copy4_Copy5_Copy12","parent":"Layer3_Copy4_Copy5_Copy12"}],"skin":[{"slot":[{"name":"Layer3_Copy4_Copy5_Copy12","display":[{"name":"烟花/01"},{"name":"烟花/02"},{"name":"烟花/03"},{"name":"烟花/04"},{"name":"烟花/05"},{"name":"烟花/06"},{"name":"烟花/07"},{"name":"烟花/08"},{"name":"烟花/09"},{"name":"烟花/10"},{"name":"烟花/11"},{"name":"烟花/12"},{"name":"烟花/13"},{"name":"烟花/14"},{"name":"烟花/15"},{"name":"烟花/16"},{"name":"烟花/17"}]}]}],"animation":[{"duration":74,"playTimes":0,"name":"Animation1","bone":[{"name":"Layer3_Copy4_Copy5_Copy12","scaleFrame":[{"duration":68,"tweenEasing":0},{"duration":6,"tweenEasing":0},{"duration":0,"x":1.08,"y":1.07}]}],"slot":[{"name":"Layer3_Copy4_Copy5_Copy12","displayFrame":[{"duration":4},{"duration":4,"value":1},{"duration":4,"value":2},{"duration":4,"value":3},{"duration":8,"value":4},{"duration":4,"value":5},{"duration":4,"value":6},{"duration":4,"value":7},{"duration":4,"value":8},{"duration":4,"value":9},{"duration":4,"value":10},{"duration":4,"value":11},{"duration":4,"value":12},{"duration":4,"value":13},{"duration":4,"value":14},{"duration":4,"value":15},{"duration":6,"value":16}],"colorFrame":[{"duration":68,"tweenEasing":0},{"duration":6,"tweenEasing":0},{"duration":0,"value":{"aM":0}}]}]},{"duration":196,"playTimes":0,"name":"Animation1_Copy1","bone":[{"name":"Layer3_Copy4_Copy5_Copy12","scaleFrame":[{"duration":190,"tweenEasing":0},{"duration":6,"tweenEasing":0},{"duration":0,"x":1.08,"y":1.07}]}],"slot":[{"name":"Layer3_Copy4_Copy5_Copy12","displayFrame":[{"duration":122,"value":-1},{"duration":4},{"duration":4,"value":1},{"duration":4,"value":2},{"duration":4,"value":3},{"duration":8,"value":4},{"duration":4,"value":5},{"duration":4,"value":6},{"duration":4,"value":7},{"duration":4,"value":8},{"duration":4,"value":9},{"duration":4,"value":10},{"duration":4,"value":11},{"duration":4,"value":12},{"duration":4,"value":13},{"duration":4,"value":14},{"duration":4,"value":15},{"duration":6,"value":16}],"colorFrame":[{"duration":190,"tweenEasing":0},{"duration":6,"tweenEasing":0},{"duration":0,"value":{"aM":0}}]}]}],"defaultActions":[{"gotoAndPlay":"Animation1"}]}]}